"Locus Tag","Gene Name","Product Description","GO Term"
"PA0005","lptA","lysophosphatidic acid acyltransferase, LptA","acyltransferase activity"
"PA0005","lptA","lysophosphatidic acid acyltransferase, LptA","lysophosphatidic acid acyltransferase activity"
"PA0005","lptA","lysophosphatidic acid acyltransferase, LptA","phospholipid biosynthetic process"
"PA0005","lptA","lysophosphatidic acid acyltransferase, LptA","transferase activity, transferring acyl groups"
"PA0017","PA0017","conserved hypothetical protein","regulation of DNA-templated transcription"
"PA0017","PA0017","conserved hypothetical protein","regulation of transcription, DNA-templated"
"PA0017","PA0017","conserved hypothetical protein","methyltransferase activity"
"PA0017","PA0017","conserved hypothetical protein","rRNA processing"
"PA0017","PA0017","conserved hypothetical protein","RNA binding"
"PA0017","PA0017","conserved hypothetical protein","S-adenosylmethionine-dependent methyltransferase activity"
"PA0017","PA0017","conserved hypothetical protein","RNA methylation"
"PA0017","PA0017","conserved hypothetical protein","rRNA methyltransferase activity"
"PA0023","qor","quinone oxidoreductase","NADPH:quinone reductase activity"
"PA0023","qor","quinone oxidoreductase","generation of precursor metabolites and energy"
"PA0023","qor","quinone oxidoreductase","oxidoreductase activity"
"PA0023","qor","quinone oxidoreductase","L-lactate dehydrogenase activity"
"PA0151","PA0151","probable TonB-dependent receptor","cell outer membrane"
"PA0151","PA0151","probable TonB-dependent receptor","cell surface receptor signaling pathway"
"PA0151","PA0151","probable TonB-dependent receptor","siderophore-iron transmembrane transporter activity"
"PA0151","PA0151","probable TonB-dependent receptor","signaling receptor activity"
"PA0151","PA0151","probable TonB-dependent receptor","outer membrane"
"PA0151","PA0151","probable TonB-dependent receptor","siderophore transmembrane transporter activity"
"PA0151","PA0151","probable TonB-dependent receptor","siderophore transport"
"PA0159","PA0159","probable transcriptional regulator","regulation of transcription, DNA-templated"
"PA0159","PA0159","probable transcriptional regulator","regulation of DNA-templated transcription"
"PA0159","PA0159","probable transcriptional regulator","DNA-binding transcription factor activity"
"PA0176","PA0176","aerotaxis transducer Aer2","transmembrane signaling receptor activity"
"PA0176","PA0176","aerotaxis transducer Aer2","signal transduction"
"PA0176","PA0176","aerotaxis transducer Aer2","membrane"
"PA0176","PA0176","aerotaxis transducer Aer2","aerotaxis"
"PA0176","PA0176","aerotaxis transducer Aer2","chemotaxis"
"PA0180","cttP","chemotactic transducer for trichloroethylene [positive chemotaxis], CttP","membrane"
"PA0180","cttP","chemotactic transducer for trichloroethylene [positive chemotaxis], CttP","signal transduction"
"PA0180","cttP","chemotactic transducer for trichloroethylene [positive chemotaxis], CttP","transmembrane signaling receptor activity"
"PA0180","cttP","chemotactic transducer for trichloroethylene [positive chemotaxis], CttP","chemotaxis"
"PA0202","PA0202","probable amidase","catalytic activity"
"PA0235","pcaK","4-hydroxybenzoate transporter PcaK","carbon utilization"
"PA0235","pcaK","4-hydroxybenzoate transporter PcaK","transmembrane transporter activity"
"PA0235","pcaK","4-hydroxybenzoate transporter PcaK","aromatic compound catabolic process"
"PA0235","pcaK","4-hydroxybenzoate transporter PcaK","transmembrane transport"
"PA0235","pcaK","4-hydroxybenzoate transporter PcaK","cellular catabolic process"
"PA0235","pcaK","4-hydroxybenzoate transporter PcaK","transport"
"PA0235","pcaK","4-hydroxybenzoate transporter PcaK","membrane"
"PA0239","PA0239","hypothetical protein","membrane"
"PA0268","PA0268","probable transcriptional regulator","regulation of transcription, DNA-templated"
"PA0268","PA0268","probable transcriptional regulator","pyridoxal phosphate binding"
"PA0268","PA0268","probable transcriptional regulator","biosynthetic process"
"PA0268","PA0268","probable transcriptional regulator","regulation of DNA-templated transcription"
"PA0268","PA0268","probable transcriptional regulator","DNA-binding transcription factor activity"
"PA0318","PA0318","conserved hypothetical protein","catalytic activity"
"PA0324","PA0324","probable permease of ABC transporter","transmembrane transport"
"PA0324","PA0324","probable permease of ABC transporter","membrane"
"PA0343","PA0343","hypothetical protein","S-adenosylmethionine-dependent methyltransferase activity"
"PA0355","pfpI","protease PfpI","cellular protein metabolic process"
"PA0355","pfpI","protease PfpI","single-species biofilm formation"
"PA0355","pfpI","protease PfpI","single-species biofilm formation on inanimate substrate"
"PA0355","pfpI","protease PfpI","cellular response to antibiotic"
"PA0355","pfpI","protease PfpI","bacterial-type flagellum-dependent swarming motility"
"PA0372","PA0372","probable zinc protease","pyrroloquinoline quinone biosynthetic process"
"PA0372","PA0372","probable zinc protease","metal ion binding"
"PA0372","PA0372","probable zinc protease","metallopeptidase activity"
"PA0372","PA0372","probable zinc protease","outer membrane"
"PA0386","PA0386","probable oxidase","coproporphyrinogen oxidase activity"
"PA0386","PA0386","probable oxidase","cytoplasm"
"PA0386","PA0386","probable oxidase","4 iron, 4 sulfur cluster binding"
"PA0386","PA0386","probable oxidase","porphyrin-containing compound biosynthetic process"
"PA0386","PA0386","probable oxidase","iron-sulfur cluster binding"
"PA0386","PA0386","probable oxidase","catalytic activity"
"PA0394","PA0394","conserved hypothetical protein","pyridoxal phosphate binding"
"PA0426","mexB","Resistance-Nodulation-Cell Division (RND) multidrug efflux transporter MexB","monoatomic ion transport"
"PA0426","mexB","Resistance-Nodulation-Cell Division (RND) multidrug efflux transporter MexB","transmembrane transporter activity"
"PA0426","mexB","Resistance-Nodulation-Cell Division (RND) multidrug efflux transporter MexB","efflux transmembrane transporter activity"
"PA0426","mexB","Resistance-Nodulation-Cell Division (RND) multidrug efflux transporter MexB","xenobiotic transport"
"PA0426","mexB","Resistance-Nodulation-Cell Division (RND) multidrug efflux transporter MexB","ion transport"
"PA0426","mexB","Resistance-Nodulation-Cell Division (RND) multidrug efflux transporter MexB","xenobiotic transmembrane transporter activity"
"PA0426","mexB","Resistance-Nodulation-Cell Division (RND) multidrug efflux transporter MexB","membrane"
"PA0426","mexB","Resistance-Nodulation-Cell Division (RND) multidrug efflux transporter MexB","transmembrane transport"
"PA0539","PA0539","hypothetical protein","membrane"
"PA0541","PA0541","hypothetical protein","electron transport chain"
"PA0541","PA0541","hypothetical protein","periplasmic space"
"PA0541","PA0541","hypothetical protein","electron transfer activity"
"PA0541","PA0541","hypothetical protein","heme binding"
"PA0541","PA0541","hypothetical protein","iron ion binding"
"PA0589","PA0589","conserved hypothetical protein","thiosulfate sulfurtransferase activity"
"PA0589","PA0589","conserved hypothetical protein","cytoplasm"
"PA0606","agtD","AgtD","membrane"
"PA0606","agtD","AgtD","transmembrane transport"
"PA0667","mepM","MepM","peptidoglycan binding"
"PA0679","hxcP","HxcP","type II protein secretion system complex"
"PA0763","mucA","anti-sigma factor MucA","sigma factor antagonist activity"
"PA0763","mucA","anti-sigma factor MucA","regulation of polysaccharide biosynthetic process"
"PA0789","PA0789","probable amino acid permease","transmembrane transport"
"PA0789","PA0789","probable amino acid permease","membrane"
"PA0789","PA0789","probable amino acid permease","transmembrane transport"
"PA0789","PA0789","probable amino acid permease","membrane"
"PA0793","PA0793","hypothetical protein","isomerase activity"
"PA0793","PA0793","hypothetical protein","propionate catabolic process, 2-methylcitrate cycle"
"PA0810","PA0810","probable haloacid dehalogenase","hydrolase activity, acting on acid halide bonds, in C-halide compounds"
"PA0876","PA0876","probable transcriptional regulator","regulation of transcription, DNA-templated"
"PA0876","PA0876","probable transcriptional regulator","DNA-binding transcription factor activity"
"PA0876","PA0876","probable transcriptional regulator","regulation of DNA-templated transcription"
"PA0884","PA0884","probable C4-dicarboxylate-binding periplasmic protein","transmembrane transport"
"PA0884","PA0884","probable C4-dicarboxylate-binding periplasmic protein","outer membrane-bounded periplasmic space"
"PA0897","aruG","subunit II of arginine N2-succinyltransferase = ornithine N2-succinyltransferase","cellular amino acid metabolic process"
"PA0897","aruG","subunit II of arginine N2-succinyltransferase = ornithine N2-succinyltransferase","arginine catabolic process"
"PA0897","aruG","subunit II of arginine N2-succinyltransferase = ornithine N2-succinyltransferase","amino acid metabolic process"
"PA0897","aruG","subunit II of arginine N2-succinyltransferase = ornithine N2-succinyltransferase","arginine N-succinyltransferase activity"
"PA0920","PA0920","alanyl-phosphatidylglycerol synthase","phosphatidylglycerol alanyltransferase activity"
"PA0920","PA0920","alanyl-phosphatidylglycerol synthase","alanylphosphatidylglycerol synthase activity"
"PA0920","PA0920","alanyl-phosphatidylglycerol synthase","phospholipid homeostasis"
"PA0935","PA0935","conserved hypothetical protein","nucleoside-triphosphate diphosphatase activity"
"PA0935","PA0935","conserved hypothetical protein","nucleoside triphosphate diphosphatase activity"
"PA0958","oprD","Basic amino acid, basic peptide and imipenem outer membrane porin OprD precursor","outer membrane"
"PA0958","oprD","Basic amino acid, basic peptide and imipenem outer membrane porin OprD precursor","porin activity"
"PA0958","oprD","Basic amino acid, basic peptide and imipenem outer membrane porin OprD precursor","membrane"
"PA1082","flgG","flagellar basal-body rod protein FlgG","bacterial-type flagellum assembly"
"PA1082","flgG","flagellar basal-body rod protein FlgG","bacterial-type flagellum basal body, distal rod"
"PA1082","flgG","flagellar basal-body rod protein FlgG","bacterial-type flagellum-dependent cell motility"
"PA1086","flgK","flagellar hook-associated protein 1 FlgK","structural molecule activity"
"PA1086","flgK","flagellar hook-associated protein 1 FlgK","bacterial-type flagellum assembly"
"PA1086","flgK","flagellar hook-associated protein 1 FlgK","bacterial-type flagellum hook"
"PA1101","fliF","Flagella M-ring outer membrane protein precursor","bacterial-type flagellum-dependent cell motility"
"PA1101","fliF","Flagella M-ring outer membrane protein precursor","obsolete flagellum assembly"
"PA1101","fliF","Flagella M-ring outer membrane protein precursor","Gram-negative-bacterium-type cell wall"
"PA1101","fliF","Flagella M-ring outer membrane protein precursor","obsolete movement of cell or subcellular component"
"PA1101","fliF","Flagella M-ring outer membrane protein precursor","movement of cell or subcellular component"
"PA1101","fliF","Flagella M-ring outer membrane protein precursor","cytoskeletal motor activity"
"PA1101","fliF","Flagella M-ring outer membrane protein precursor","bacterial-type flagellum basal body, MS ring"
"PA1101","fliF","Flagella M-ring outer membrane protein precursor","motor activity"
"PA1110","PA1110","hypothetical protein","RNA binding"
"PA1110","PA1110","hypothetical protein","pseudouridine synthase activity"
"PA1110","PA1110","hypothetical protein","RNA modification"
"PA1110","PA1110","hypothetical protein","pseudouridine synthesis"
"PA1148","toxA","exotoxin A precursor","NAD+-diphthamide ADP-ribosyltransferase activity"
"PA1182","PA1182","probable transcriptional regulator","DNA-binding transcription factor activity"
"PA1182","PA1182","probable transcriptional regulator","sequence-specific DNA binding"
"PA1182","PA1182","probable transcriptional regulator","regulation of DNA-templated transcription"
"PA1182","PA1182","probable transcriptional regulator","regulation of transcription, DNA-templated"
"PA1231","PA1231","conserved hypothetical protein","transmembrane transport"
"PA1231","PA1231","conserved hypothetical protein","transmembrane transporter activity"
"PA1231","PA1231","conserved hypothetical protein","membrane"
"PA1283","PA1283","probable transcriptional regulator","DNA binding"
"PA1290","PA1290","probable transcriptional regulator","DNA binding"
"PA1293","PA1293","hypothetical protein","strictosidine synthase activity"
"PA1293","PA1293","hypothetical protein","biosynthetic process"
"PA1338","ggt","gamma-glutamyltranspeptidase precursor","glutathione catabolic process"
"PA1338","ggt","gamma-glutamyltranspeptidase precursor","periplasmic space"
"PA1338","ggt","gamma-glutamyltranspeptidase precursor","glutathione hydrolase activity"
"PA1338","ggt","gamma-glutamyltranspeptidase precursor","response to stimulus"
"PA1399","PA1399","probable transcriptional regulator","DNA-binding transcription factor activity"
"PA1399","PA1399","probable transcriptional regulator","regulation of transcription, DNA-templated"
"PA1399","PA1399","probable transcriptional regulator","regulation of DNA-templated transcription"
"PA1413","PA1413","probable transcriptional regulator","regulation of DNA-templated transcription"
"PA1413","PA1413","probable transcriptional regulator","DNA-binding transcription factor activity"
"PA1413","PA1413","probable transcriptional regulator","regulation of transcription, DNA-templated"
"PA1419","PA1419","probable transporter","transmembrane transport"
"PA1419","PA1419","probable transporter","membrane"
"PA1419","PA1419","probable transporter","transmembrane transporter activity"
"PA1436","PA1436","probable Resistance-Nodulation-Cell Division (RND) efflux transporter","membrane"
"PA1436","PA1436","probable Resistance-Nodulation-Cell Division (RND) efflux transporter","transmembrane transport"
"PA1436","PA1436","probable Resistance-Nodulation-Cell Division (RND) efflux transporter","transmembrane transporter activity"
"PA1493","cysP","sulfate-binding protein of ABC transporter","molecular carrier activity"
"PA1493","cysP","sulfate-binding protein of ABC transporter","extracellular space"
"PA1493","cysP","sulfate-binding protein of ABC transporter","sulfate transmembrane transport"
"PA1493","cysP","sulfate-binding protein of ABC transporter","transport"
"PA1505","moaA2","molybdopterin biosynthetic protein A2","obsolete cofactor biosynthetic process"
"PA1505","moaA2","molybdopterin biosynthetic protein A2","4 iron, 4 sulfur cluster binding"
"PA1505","moaA2","molybdopterin biosynthetic protein A2","molybdopterin synthase complex"
"PA1505","moaA2","molybdopterin biosynthetic protein A2","metal ion binding"
"PA1505","moaA2","molybdopterin biosynthetic protein A2","catalytic activity"
"PA1505","moaA2","molybdopterin biosynthetic protein A2","iron-sulfur cluster binding"
"PA1505","moaA2","molybdopterin biosynthetic protein A2","Mo-molybdopterin cofactor biosynthetic process"
"PA1551","PA1551","probable ferredoxin","membrane"
"PA1551","PA1551","probable ferredoxin","iron-sulfur cluster binding"
"PA1580","gltA","citrate synthase","citrate (Si)-synthase activity"
"PA1580","gltA","citrate synthase","cytoplasm"
"PA1580","gltA","citrate synthase","acyltransferase activity, acyl groups converted into alkyl on transfer"
"PA1580","gltA","citrate synthase","tricarboxylic acid cycle"
"PA1580","gltA","citrate synthase","tricarboxylic acid cycle enzyme complex"
"PA1580","gltA","citrate synthase","transferase activity, transferring acyl groups, acyl groups converted into alkyl on transfer"
"PA1580","gltA","citrate synthase","citrate synthase activity"
"PA1684","PA1684","1,2-dihydroxy-3-keto-5-methylthiopentene dioxygenase MtnD","acireductone dioxygenase [iron(II)-requiring] activity"
"PA1684","PA1684","1,2-dihydroxy-3-keto-5-methylthiopentene dioxygenase MtnD","nickel cation binding"
"PA1684","PA1684","1,2-dihydroxy-3-keto-5-methylthiopentene dioxygenase MtnD","acireductone dioxygenase (Ni2+-requiring) activity"
"PA1684","PA1684","1,2-dihydroxy-3-keto-5-methylthiopentene dioxygenase MtnD","iron ion binding"
"PA1684","PA1684","1,2-dihydroxy-3-keto-5-methylthiopentene dioxygenase MtnD","L-methionine salvage from S-adenosylmethionine"
"PA1697","PA1697","ATP synthase in type III secretion system","ATP hydrolysis activity"
"PA1697","PA1697","ATP synthase in type III secretion system","biosynthetic process"
"PA1697","PA1697","ATP synthase in type III secretion system","cytoplasm"
"PA1697","PA1697","ATP synthase in type III secretion system","type III protein secretion system complex"
"PA1697","PA1697","ATP synthase in type III secretion system","ATP binding"
"PA1697","PA1697","ATP synthase in type III secretion system","protein secretion by the type III secretion system"
"PA1697","PA1697","ATP synthase in type III secretion system","proton transmembrane transport"
"PA1697","PA1697","ATP synthase in type III secretion system","ATPase activity"
"PA1697","PA1697","ATP synthase in type III secretion system","ATP biosynthetic process"
"PA1697","PA1697","ATP synthase in type III secretion system","ATP metabolic process"
"PA1697","PA1697","ATP synthase in type III secretion system","secretion"
"PA1697","PA1697","ATP synthase in type III secretion system","proton-transporting ATPase activity, rotational mechanism"
"PA1779","PA1779","assimilatory nitrate reductase","molybdopterin cofactor binding"
"PA1779","PA1779","assimilatory nitrate reductase","oxidoreductase activity"
"PA1779","PA1779","assimilatory nitrate reductase","nitrate reductase activity"
"PA1807","nppD","NppD","oligopeptide transmembrane transporter activity"
"PA1807","nppD","NppD","nucleotide binding"
"PA1807","nppD","NppD","peptide transport"
"PA1807","nppD","NppD","ATP binding"
"PA1807","nppD","NppD","ATP hydrolysis activity"
"PA1807","nppD","NppD","oligopeptide transport"
"PA1807","nppD","NppD","ATPase activity"
"PA1822","fimL","hypothetical protein","phosphorelay signal transduction system"
"PA1853","PA1853","probable transcriptional regulator","regulation of transcription, DNA-templated"
"PA1853","PA1853","probable transcriptional regulator","DNA-binding transcription factor activity"
"PA1853","PA1853","probable transcriptional regulator","regulation of DNA-templated transcription"
"PA1948","rbsC","membrane protein component of ABC ribose transporter","transmembrane transport"
"PA1948","rbsC","membrane protein component of ABC ribose transporter","protein transport by the Sec complex"
"PA1948","rbsC","membrane protein component of ABC ribose transporter","obsolete interaction with host via protein secreted by type II secretion system"
"PA1948","rbsC","membrane protein component of ABC ribose transporter","membrane"
"PA1948","rbsC","membrane protein component of ABC ribose transporter","transmembrane transporter activity"
"PA1948","rbsC","membrane protein component of ABC ribose transporter","transport"
"PA1948","rbsC","membrane protein component of ABC ribose transporter","protein secretion by the type II secretion system"
"PA1952","fapE","FapE","amyloid fibril formation"
"PA1952","fapE","FapE","single-species biofilm formation"
"PA1974","PA1974","hypothetical protein","porin activity"
"PA1974","PA1974","hypothetical protein","membrane"
"PA1976","ercS'","ErcS'","regulation of ethanol catabolic process"
"PA1976","ercS'","ErcS'","phosphorylation"
"PA1976","ercS'","ErcS'","transferase activity, transferring phosphorus-containing groups"
"PA1976","ercS'","ErcS'","phosphorelay sensor kinase activity"
"PA1976","ercS'","ErcS'","signal transduction"
"PA1976","ercS'","ErcS'","phosphorelay signal transduction system"
"PA2040","pauA4","Glutamylpolyamine synthetase","polyamine catabolic process"
"PA2040","pauA4","Glutamylpolyamine synthetase","glutamine biosynthetic process"
"PA2040","pauA4","Glutamylpolyamine synthetase","nitrogen compound metabolic process"
"PA2040","pauA4","Glutamylpolyamine synthetase","glutamine synthetase activity"
"PA2040","pauA4","Glutamylpolyamine synthetase","catalytic activity"
"PA2040","pauA4","Glutamylpolyamine synthetase","glutamate-ammonia ligase activity"
"PA2051","PA2051","probable transmembrane sensor","sigma factor antagonist activity"
"PA2058","sppA","ABC transporter substrate-binding protein, SppA","ATP-binding cassette (ABC) transporter complex"
"PA2058","sppA","ABC transporter substrate-binding protein, SppA","transmembrane transport"
"PA2089","PA2089","hypothetical protein","cell surface receptor signaling pathway"
"PA2089","PA2089","hypothetical protein","outer membrane"
"PA2089","PA2089","hypothetical protein","signaling receptor activity"
"PA2089","PA2089","hypothetical protein","transmembrane transporter activity"
"PA2144","glgP","glycogen phosphorylase","glycosyltransferase activity"
"PA2144","glgP","glycogen phosphorylase","1,4-alpha-oligoglucan phosphorylase activity"
"PA2144","glgP","glycogen phosphorylase","glucan metabolic process"
"PA2144","glgP","glycogen phosphorylase","transferase activity, transferring glycosyl groups"
"PA2144","glgP","glycogen phosphorylase","pyridoxal phosphate binding"
"PA2144","glgP","glycogen phosphorylase","Gram-negative-bacterium-type cell wall"
"PA2144","glgP","glycogen phosphorylase","glycogen phosphorylase activity"
"PA2144","glgP","glycogen phosphorylase","carbohydrate metabolic process"
"PA2148","PA2148","conserved hypothetical protein","membrane"
"PA2196","PA2196","TetR family transcriptional regulator","transcription cis-regulatory region binding"
"PA2196","PA2196","TetR family transcriptional regulator","transcription regulatory region sequence-specific DNA binding"
"PA2196","PA2196","TetR family transcriptional regulator","DNA binding"
"PA2233","pslC","PslC","transferase activity, transferring glycosyl groups"
"PA2233","pslC","PslC","extracellular polysaccharide biosynthetic process"
"PA2233","pslC","PslC","single-species biofilm formation"
"PA2233","pslC","PslC","transferase activity, transferring glycosyl groups"
"PA2233","pslC","PslC","glycosyltransferase activity"
"PA2233","pslC","PslC","biofilm formation"
"PA2233","pslC","PslC","glycosyltransferase activity"
"PA2424","pvdL","PvdL","phosphopantetheine binding"
"PA2424","pvdL","PvdL","pyoverdine biosynthetic process"
"PA2424","pvdL","PvdL","pyoverdine biosynthetic process"
"PA2424","pvdL","PvdL","pyoverdine biosynthetic process"
"PA2424","pvdL","PvdL","lipid biosynthetic process"
"PA2424","pvdL","PvdL","response to stimulus"
"PA2424","pvdL","PvdL","catalytic activity"
"PA2424","pvdL","PvdL","catalytic activity"
"PA2424","pvdL","PvdL","catalytic activity"
"PA2424","pvdL","PvdL","pyoverdine biosynthetic process"
"PA2424","pvdL","PvdL","pyoverdine biosynthetic process"
"PA2475","PA2475","probable cytochrome P450","iron ion binding"
"PA2475","PA2475","probable cytochrome P450","monooxygenase activity"
"PA2475","PA2475","probable cytochrome P450","heme binding"
"PA2475","PA2475","probable cytochrome P450","oxidoreductase activity, acting on paired donors, with incorporation or reduction of molecular oxygen"
"PA2481","PA2481","hypothetical protein","electron transfer activity"
"PA2481","PA2481","hypothetical protein","heme binding"
"PA2494","mexF","Resistance-Nodulation-Cell Division (RND) multidrug efflux transporter MexF","ion transport"
"PA2494","mexF","Resistance-Nodulation-Cell Division (RND) multidrug efflux transporter MexF","transmembrane transporter activity"
"PA2494","mexF","Resistance-Nodulation-Cell Division (RND) multidrug efflux transporter MexF","monoatomic ion transport"
"PA2494","mexF","Resistance-Nodulation-Cell Division (RND) multidrug efflux transporter MexF","xenobiotic transport"
"PA2494","mexF","Resistance-Nodulation-Cell Division (RND) multidrug efflux transporter MexF","efflux transmembrane transporter activity"
"PA2494","mexF","Resistance-Nodulation-Cell Division (RND) multidrug efflux transporter MexF","transmembrane transport"
"PA2494","mexF","Resistance-Nodulation-Cell Division (RND) multidrug efflux transporter MexF","xenobiotic transmembrane transporter activity"
"PA2494","mexF","Resistance-Nodulation-Cell Division (RND) multidrug efflux transporter MexF","membrane"
"PA2494","mexF","Resistance-Nodulation-Cell Division (RND) multidrug efflux transporter MexF","transport"
"PA2494","mexF","Resistance-Nodulation-Cell Division (RND) multidrug efflux transporter MexF","response to antibiotic"
"PA2519","xylS","transcriptional regulator XylS","DNA-binding transcription factor activity"
"PA2519","xylS","transcriptional regulator XylS","regulation of toluene catabolic process"
"PA2519","xylS","transcriptional regulator XylS","regulation of DNA-templated transcription"
"PA2519","xylS","transcriptional regulator XylS","regulation of transcription, DNA-templated"
"PA2519","xylS","transcriptional regulator XylS","sequence-specific DNA binding"
"PA2532","tpx","thiol peroxidase","oxidoreductase activity"
"PA2532","tpx","thiol peroxidase","thioredoxin peroxidase activity"
"PA2532","tpx","thiol peroxidase","cellular response to hydrogen peroxide"
"PA2532","tpx","thiol peroxidase","response to stimulus"
"PA2532","tpx","thiol peroxidase","antioxidant activity"
"PA2567","PA2567","hypothetical protein","protein binding"
"PA2585","uvrC","excinuclease ABC subunit C","DNA binding"
"PA2585","uvrC","excinuclease ABC subunit C","obsolete nucleotide-excision repair, DNA incision"
"PA2585","uvrC","excinuclease ABC subunit C","protein binding"
"PA2585","uvrC","excinuclease ABC subunit C","DNA repair"
"PA2585","uvrC","excinuclease ABC subunit C","excinuclease repair complex"
"PA2585","uvrC","excinuclease ABC subunit C","nucleotide-excision repair, DNA incision"
"PA2585","uvrC","excinuclease ABC subunit C","nucleotide-excision repair"
"PA2585","uvrC","excinuclease ABC subunit C","excinuclease ABC activity"
"PA2585","uvrC","excinuclease ABC subunit C","DNA metabolic process"
"PA2623","icd","isocitrate dehydrogenase","tricarboxylic acid cycle"
"PA2623","icd","isocitrate dehydrogenase","cellular amino acid metabolic process"
"PA2623","icd","isocitrate dehydrogenase","pyruvate dehydrogenase (acetyl-transferring) activity"
"PA2623","icd","isocitrate dehydrogenase","generation of precursor metabolites and energy"
"PA2623","icd","isocitrate dehydrogenase","amino acid metabolic process"
"PA2623","icd","isocitrate dehydrogenase","cellular catabolic process"
"PA2623","icd","isocitrate dehydrogenase","carbon utilization"
"PA2623","icd","isocitrate dehydrogenase","isocitrate dehydrogenase (NADP+) activity"
"PA2631","PA2631","probable acetyl transferase","acyltransferase activity, transferring groups other than amino-acyl groups"
"PA2631","PA2631","probable acetyl transferase","transferase activity, transferring acyl groups other than amino-acyl groups"
"PA2648","nuoM","NADH dehydrogenase I chain M","generation of precursor metabolites and energy"
"PA2648","nuoM","NADH dehydrogenase I chain M","ATP synthesis coupled electron transport"
"PA2648","nuoM","NADH dehydrogenase I chain M","NADH dehydrogenase (ubiquinone) activity"
"PA2649","nuoN","NADH dehydrogenase I chain N","ATP synthesis coupled electron transport"
"PA2649","nuoN","NADH dehydrogenase I chain N","shikimate 3-dehydrogenase (NADP+) activity"
"PA2649","nuoN","NADH dehydrogenase I chain N","generation of precursor metabolites and energy"
"PA2649","nuoN","NADH dehydrogenase I chain N","cellular response to antibiotic"
"PA2649","nuoN","NADH dehydrogenase I chain N","NADH dehydrogenase (ubiquinone) activity"
"PA2743","infC","translation initiation factor IF-3","translation initiation factor activity"
"PA2743","infC","translation initiation factor IF-3","cellular protein metabolic process"
"PA2743","infC","translation initiation factor IF-3","translational initiation"
"PA2758","PA2758","probable transcriptional regulator","regulation of transcription, DNA-templated"
"PA2758","PA2758","probable transcriptional regulator","DNA-binding transcription factor activity"
"PA2758","PA2758","probable transcriptional regulator","regulation of DNA-templated transcription"
"PA2908","cbiD","cobalamin biosynthetic protein CbiD","obsolete cofactor biosynthetic process"
"PA2908","cbiD","cobalamin biosynthetic protein CbiD","cobalamin biosynthetic process"
"PA2908","cbiD","cobalamin biosynthetic protein CbiD","methyltransferase activity"
"PA2934","cif","CFTR inhibitory factor, Cif","epoxide hydrolase activity"
"PA2934","cif","CFTR inhibitory factor, Cif","obsolete pathogenesis"
"PA2934","cif","CFTR inhibitory factor, Cif","negative regulation of ubiquitin-specific protease activity"
"PA2934","cif","CFTR inhibitory factor, Cif","pathogenesis"
"PA2934","cif","CFTR inhibitory factor, Cif","negative regulation of chloride transport"
"PA2938","PA2938","probable transporter","membrane"
"PA2938","PA2938","probable transporter","nucleobase transport"
"PA2938","PA2938","probable transporter","transmembrane transporter activity"
"PA2938","PA2938","probable transporter","transmembrane transport"
"PA3006","psrA","transcriptional regulator PsrA","transcription cis-regulatory region binding"
"PA3006","psrA","transcriptional regulator PsrA","regulation of transcription, DNA-templated"
"PA3006","psrA","transcriptional regulator PsrA","positive regulation of transcription, DNA-templated"
"PA3006","psrA","transcriptional regulator PsrA","DNA binding"
"PA3006","psrA","transcriptional regulator PsrA","positive regulation of protein secretion"
"PA3006","psrA","transcriptional regulator PsrA","transcription regulatory region sequence-specific DNA binding"
"PA3006","psrA","transcriptional regulator PsrA","regulation of DNA-templated transcription"
"PA3006","psrA","transcriptional regulator PsrA","positive regulation of DNA-templated transcription"
"PA3020","PA3020","probable soluble lytic transglycosylase","hydrolase activity, hydrolyzing O-glycosyl compounds"
"PA3020","PA3020","probable soluble lytic transglycosylase","periplasmic space"
"PA3050","pyrD","dihydroorotate dehydrogenase","cytoplasm"
"PA3050","pyrD","dihydroorotate dehydrogenase","oxidoreductase activity, acting on the CH-CH group of donors"
"PA3050","pyrD","dihydroorotate dehydrogenase","anthranilate synthase activity"
"PA3050","pyrD","dihydroorotate dehydrogenase","dihydroorotate dehydrogenase activity"
"PA3050","pyrD","dihydroorotate dehydrogenase","'de novo' pyrimidine nucleobase biosynthetic process"
"PA3050","pyrD","dihydroorotate dehydrogenase","pyrimidine nucleotide metabolic process"
"PA3050","pyrD","dihydroorotate dehydrogenase","nucleotide metabolic process"
"PA3050","pyrD","dihydroorotate dehydrogenase","membrane"
"PA3050","pyrD","dihydroorotate dehydrogenase","UMP biosynthetic process"
"PA3060","pelE","PelE","single-species biofilm formation"
"PA3060","pelE","PelE","extracellular polysaccharide biosynthetic process"
"PA3061","pelD","PelD","cyclic-di-GMP binding"
"PA3061","pelD","PelD","cyclic-di-GMP binding"
"PA3061","pelD","PelD","extracellular polysaccharide biosynthetic process"
"PA3061","pelD","PelD","protein binding"
"PA3061","pelD","PelD","single-species biofilm formation"
"PA3185","PA3185","hypothetical protein","catalytic activity"
"PA3185","PA3185","hypothetical protein","carbohydrate binding"
"PA3185","PA3185","hypothetical protein","carbohydrate metabolic process"
"PA3185","PA3185","hypothetical protein","isomerase activity"
"PA3210","trkH","potassium uptake protein TrkH","potassium:chloride symporter activity"
"PA3210","trkH","potassium uptake protein TrkH","cation transmembrane transporter activity"
"PA3210","trkH","potassium uptake protein TrkH","membrane"
"PA3210","trkH","potassium uptake protein TrkH","monoatomic cation transmembrane transporter activity"
"PA3210","trkH","potassium uptake protein TrkH","monoatomic cation transport"
"PA3210","trkH","potassium uptake protein TrkH","transmembrane transport"
"PA3210","trkH","potassium uptake protein TrkH","cation transport"
"PA3210","trkH","potassium uptake protein TrkH","potassium ion transmembrane transport"
"PA3295","PA3295","probable HIT family protein","catalytic activity"
"PA3339","plpD","patatin-like protein, PlpD","cell outer membrane"
"PA3339","plpD","patatin-like protein, PlpD","lipid metabolic process"
"PA3339","plpD","patatin-like protein, PlpD","protein secretion by the type V secretion system"
"PA3339","plpD","patatin-like protein, PlpD","outer membrane"
"PA3339","plpD","patatin-like protein, PlpD","extracellular region"
"PA3339","plpD","patatin-like protein, PlpD","extracellular region"
"PA3339","plpD","patatin-like protein, PlpD","lipase activity"
"PA3339","plpD","patatin-like protein, PlpD","lipase activity"
"PA3339","plpD","patatin-like protein, PlpD","protein secretion by the type V secretion system"
"PA3382","phnE","phosphonate transport protein PhnE","ATPase-coupled organic phosphonate transmembrane transporter activity"
"PA3382","phnE","phosphonate transport protein PhnE","ABC-type phosphonate transporter activity"
"PA3382","phnE","phosphonate transport protein PhnE","membrane"
"PA3382","phnE","phosphonate transport protein PhnE","transport"
"PA3382","phnE","phosphonate transport protein PhnE","organic phosphonate metabolic process"
"PA3382","phnE","phosphonate transport protein PhnE","plasma membrane"
"PA3382","phnE","phosphonate transport protein PhnE","transmembrane transport"
"PA3382","phnE","phosphonate transport protein PhnE","organic phosphonate transport"
"PA3394","nosF","NosF protein","ATP hydrolysis activity"
"PA3394","nosF","NosF protein","ATP binding"
"PA3394","nosF","NosF protein","ATPase activity"
"PA3484","tse3","Tse3","lysozyme activity"
"PA3532","PA3532","hypothetical protein","transmembrane transporter activity"
"PA3532","PA3532","hypothetical protein","transmembrane transport"
"PA3533","grxD","GrxD","cellular response to antibiotic"
"PA3533","grxD","GrxD","disulfide oxidoreductase activity"
"PA3535","PA3535","probable serine protease","serine-type endopeptidase activity"
"PA3535","PA3535","probable serine protease","serine-type peptidase activity"
"PA3535","PA3535","probable serine protease","outer membrane"
"PA3535","PA3535","probable serine protease","proteolysis"
"PA3535","PA3535","probable serine protease","serine-type endopeptidase activity"
"PA3535","PA3535","probable serine protease","serine-type peptidase activity"
"PA3535","PA3535","probable serine protease","outer membrane"
"PA3535","PA3535","probable serine protease","proteolysis"
"PA3552","arnB","ArnB","beta-L-Ara4N-lipid A biosynthetic process"
"PA3552","arnB","ArnB","transaminase activity"
"PA3560","fruA","phosphotransferase system transporter fructose-specific IIBC component, FruA","1,4-alpha-oligoglucan phosphorylase activity"
"PA3560","fruA","phosphotransferase system transporter fructose-specific IIBC component, FruA","protein-N(PI)-phosphohistidine-sugar phosphotransferase activity"
"PA3560","fruA","phosphotransferase system transporter fructose-specific IIBC component, FruA","mannose metabolic process"
"PA3560","fruA","phosphotransferase system transporter fructose-specific IIBC component, FruA","fructose import"
"PA3560","fruA","phosphotransferase system transporter fructose-specific IIBC component, FruA","membrane"
"PA3560","fruA","phosphotransferase system transporter fructose-specific IIBC component, FruA","fructose metabolic process"
"PA3560","fruA","phosphotransferase system transporter fructose-specific IIBC component, FruA","protein-N(PI)-phosphohistidine-fructose phosphotransferase system transporter activity"
"PA3560","fruA","phosphotransferase system transporter fructose-specific IIBC component, FruA","carbohydrate:proton symporter activity"
"PA3560","fruA","phosphotransferase system transporter fructose-specific IIBC component, FruA","phosphoenolpyruvate-dependent sugar phosphotransferase system"
"PA3560","fruA","phosphotransferase system transporter fructose-specific IIBC component, FruA","carbon utilization"
"PA3560","fruA","phosphotransferase system transporter fructose-specific IIBC component, FruA","cellular catabolic process"
"PA3560","fruA","phosphotransferase system transporter fructose-specific IIBC component, FruA","transport"
"PA3578","PA3578","conserved hypothetical protein","catalytic activity"
"PA3578","PA3578","conserved hypothetical protein","biosynthetic process"
"PA3579","PA3579","probable carbohydrate kinase","kinase activity"
"PA3579","PA3579","probable carbohydrate kinase","glycerol kinase activity"
"PA3579","PA3579","probable carbohydrate kinase","glycerol-3-phosphate metabolic process"
"PA3579","PA3579","probable carbohydrate kinase","carbohydrate metabolic process"
"PA3583","glpR","glycerol-3-phosphate regulon repressor","negative regulation of cellular carbohydrate metabolic process"
"PA3583","glpR","glycerol-3-phosphate regulon repressor","obsolete negative regulation of cellular carbohydrate metabolic process"
"PA3583","glpR","glycerol-3-phosphate regulon repressor","regulation of DNA-templated transcription"
"PA3583","glpR","glycerol-3-phosphate regulon repressor","DNA-binding transcription factor activity"
"PA3583","glpR","glycerol-3-phosphate regulon repressor","regulation of transcription, DNA-templated"
"PA3602","PA3602","conserved hypothetical protein","glutamate biosynthetic process"
"PA3602","PA3602","conserved hypothetical protein","glutamate synthase activity"
"PA3602","PA3602","conserved hypothetical protein","oxidoreductase activity, acting on the CH-NH2 group of donors"
"PA3602","PA3602","conserved hypothetical protein","glutamate biosynthetic process"
"PA3602","PA3602","conserved hypothetical protein","glutamate synthase activity"
"PA3602","PA3602","conserved hypothetical protein","oxidoreductase activity, acting on the CH-NH2 group of donors"
"PA3680","PA3680","conserved hypothetical protein","rRNA (guanine-N2-)-methyltransferase activity"
"PA3680","PA3680","conserved hypothetical protein","rRNA methylation"
"PA3680","PA3680","conserved hypothetical protein","S-adenosylmethionine-dependent methyltransferase activity"
"PA3689","PA3689","probable transcriptional regulator","positive regulation of transcription, DNA-templated"
"PA3689","PA3689","probable transcriptional regulator","DNA-binding transcription factor activity"
"PA3689","PA3689","probable transcriptional regulator","regulation of transcription, DNA-templated"
"PA3689","PA3689","probable transcriptional regulator","positive regulation of DNA-templated transcription"
"PA3689","PA3689","probable transcriptional regulator","regulation of DNA-templated transcription"
"PA3689","PA3689","probable transcriptional regulator","metal ion binding"
"PA3689","PA3689","probable transcriptional regulator","DNA binding"
"PA3747","PA3747","conserved hypothetical protein","heme binding"
"PA3747","PA3747","conserved hypothetical protein","cytochrome complex assembly"
"PA3785","PA3785","putative copper binding protein","copper ion binding"
"PA3819","PA3819","conserved hypothetical protein","outer membrane"
"PA3840","PA3840","conserved hypothetical protein","S-adenosylmethionine-dependent methyltransferase activity"
"PA3840","PA3840","conserved hypothetical protein","rRNA processing"
"PA3840","PA3840","conserved hypothetical protein","rRNA (adenine-N6-)-methyltransferase activity"
"PA3840","PA3840","conserved hypothetical protein","methyltransferase activity"
"PA3840","PA3840","conserved hypothetical protein","cytoplasm"
"PA3865","PA3865","putative periplasmic lysine-, arginine-, ornithine-binding protein","outer membrane-bounded periplasmic space"
"PA3865","PA3865","putative periplasmic lysine-, arginine-, ornithine-binding protein","nitrogen compound transport"
"PA3865","PA3865","putative periplasmic lysine-, arginine-, ornithine-binding protein","amino acid binding"
"PA3891","opuCA","OpuC ABC transporter, ATP-binding protein, OpuCA","ATP hydrolysis activity"
"PA3891","opuCA","OpuC ABC transporter, ATP-binding protein, OpuCA","ATPase-coupled quaternary ammonium compound transmembrane transporting activity"
"PA3891","opuCA","OpuC ABC transporter, ATP-binding protein, OpuCA","carnitine transmembrane transporter activity"
"PA3891","opuCA","OpuC ABC transporter, ATP-binding protein, OpuCA","amino-acid betaine transport"
"PA3891","opuCA","OpuC ABC transporter, ATP-binding protein, OpuCA","ATPase-coupled choline transmembrane transporter activity"
"PA3891","opuCA","OpuC ABC transporter, ATP-binding protein, OpuCA","ABC-type choline transporter activity"
"PA3891","opuCA","OpuC ABC transporter, ATP-binding protein, OpuCA","ATP binding"
"PA3891","opuCA","OpuC ABC transporter, ATP-binding protein, OpuCA","ATP-binding cassette (ABC) transporter complex"
"PA3891","opuCA","OpuC ABC transporter, ATP-binding protein, OpuCA","glycine betaine transport"
"PA3891","opuCA","OpuC ABC transporter, ATP-binding protein, OpuCA","nucleotide binding"
"PA3891","opuCA","OpuC ABC transporter, ATP-binding protein, OpuCA","ATPase activity"
"PA3891","opuCA","OpuC ABC transporter, ATP-binding protein, OpuCA","cellular hyperosmotic salinity response"
"PA3891","opuCA","OpuC ABC transporter, ATP-binding protein, OpuCA","ABC-type quaternary ammonium compound transporting activity"
"PA3891","opuCA","OpuC ABC transporter, ATP-binding protein, OpuCA","membrane"
"PA3891","opuCA","OpuC ABC transporter, ATP-binding protein, OpuCA","ATPase-coupled glycine betaine transporter activity"
"PA3891","opuCA","OpuC ABC transporter, ATP-binding protein, OpuCA","ABC-type glycine betaine transporter activity"
"PA3897","PA3897","hypothetical protein","membrane"
"PA3897","PA3897","hypothetical protein","membrane"
"PA3901","fecA","Fe(III) dicitrate transport protein FecA","cell surface receptor signaling pathway"
"PA3901","fecA","Fe(III) dicitrate transport protein FecA","cell outer membrane"
"PA3901","fecA","Fe(III) dicitrate transport protein FecA","signaling receptor activity"
"PA3901","fecA","Fe(III) dicitrate transport protein FecA","citrate transport"
"PA3901","fecA","Fe(III) dicitrate transport protein FecA","transport"
"PA3901","fecA","Fe(III) dicitrate transport protein FecA","membrane"
"PA3901","fecA","Fe(III) dicitrate transport protein FecA","ferric iron binding"
"PA3901","fecA","Fe(III) dicitrate transport protein FecA","iron ion transport"
"PA3901","fecA","Fe(III) dicitrate transport protein FecA","siderophore-iron transmembrane transporter activity"
"PA3901","fecA","Fe(III) dicitrate transport protein FecA","siderophore transport"
"PA3901","fecA","Fe(III) dicitrate transport protein FecA","outer membrane"
"PA3901","fecA","Fe(III) dicitrate transport protein FecA","siderophore transmembrane transporter activity"
"PA3921","PA3921","probable transcriptional regulator","DNA binding"
"PA3921","PA3921","probable transcriptional regulator","regulation of transcription, DNA-templated"
"PA3921","PA3921","probable transcriptional regulator","protein binding"
"PA3921","PA3921","probable transcriptional regulator","regulation of DNA-templated transcription"
"PA3930","cioA","cyanide insensitive terminal oxidase","generation of precursor metabolites and energy"
"PA3930","cioA","cyanide insensitive terminal oxidase","electron transfer activity"
"PA3930","cioA","cyanide insensitive terminal oxidase","aerobic electron transport chain"
"PA3930","cioA","cyanide insensitive terminal oxidase","cytochrome complex"
"PA3942","tesB","acyl-CoA thioesterase II","acyl-CoA metabolic process"
"PA3942","tesB","acyl-CoA thioesterase II","acyl-CoA hydrolase activity"
"PA3942","tesB","acyl-CoA thioesterase II","cellular lipid metabolic process"
"PA3974","ladS","Lost Adherence Sensor, LadS","phosphorylation"
"PA3974","ladS","Lost Adherence Sensor, LadS","signal transduction"
"PA3974","ladS","Lost Adherence Sensor, LadS","transferase activity, transferring phosphorus-containing groups"
"PA3974","ladS","Lost Adherence Sensor, LadS","phosphorelay sensor kinase activity"
"PA3974","ladS","Lost Adherence Sensor, LadS","phosphorelay signal transduction system"
"PA3981","PA3981","conserved hypothetical protein","ATP binding"
"PA4009","PA4009","hypothetical protein","methyltransferase activity"
"PA4009","PA4009","hypothetical protein","methylation"
"PA4009","PA4009","hypothetical protein","S-adenosylmethionine-dependent methyltransferase activity"
"PA4022","hdhA","hydrazone dehydrogenase, HdhA","oxidoreductase activity"
"PA4022","hdhA","hydrazone dehydrogenase, HdhA","oxidoreductase activity, acting on the aldehyde or oxo group of donors, NAD or NADP as acceptor"
"PA4041","PA4041","hypothetical protein","D(-)-tartrate dehydratase activity"
"PA4070","PA4070","probable transcriptional regulator","regulation of DNA-templated transcription"
"PA4070","PA4070","probable transcriptional regulator","DNA-binding transcription factor activity"
"PA4070","PA4070","probable transcriptional regulator","regulation of transcription, DNA-templated"
"PA4070","PA4070","probable transcriptional regulator","sequence-specific DNA binding"
"PA4074","PA4074","probable transcriptional regulator","regulation of DNA-templated transcription"
"PA4074","PA4074","probable transcriptional regulator","regulation of transcription, DNA-templated"
"PA4074","PA4074","probable transcriptional regulator","DNA binding"
"PA4121","PA4121","conserved hypothetical protein","5-carboxymethyl-2-hydroxymuconate delta-isomerase activity"
"PA4121","PA4121","conserved hypothetical protein","catalytic activity"
"PA4121","PA4121","conserved hypothetical protein","5-oxopent-3-ene-1,2,5-tricarboxylate decarboxylase activity"
"PA4126","PA4126","probable major facilitator superfamily (MFS) transporter","transmembrane transport"
"PA4126","PA4126","probable major facilitator superfamily (MFS) transporter","transmembrane transporter activity"
"PA4147","acoR","transcriptional regulator AcoR","ATP hydrolysis activity"
"PA4147","acoR","transcriptional regulator AcoR","ATPase activity"
"PA4147","acoR","transcriptional regulator AcoR","transcription factor binding"
"PA4147","acoR","transcriptional regulator AcoR","protein binding"
"PA4147","acoR","transcriptional regulator AcoR","regulation of DNA-templated transcription"
"PA4147","acoR","transcriptional regulator AcoR","regulation of transcription, DNA-templated"
"PA4147","acoR","transcriptional regulator AcoR","ATP binding"
"PA4147","acoR","transcriptional regulator AcoR","sequence-specific DNA binding"
"PA4181","PA4181","hypothetical protein","RNA binding"
"PA4181","PA4181","hypothetical protein","phenylalanine-tRNA ligase activity"
"PA4224","pchG","pyochelin biosynthetic protein PchG","transport"
"PA4224","pchG","pyochelin biosynthetic protein PchG","nucleotide binding"
"PA4224","pchG","pyochelin biosynthetic protein PchG","membrane"
"PA4231","pchA","salicylate biosynthesis isochorismate synthase","biosynthetic process"
"PA4231","pchA","salicylate biosynthesis isochorismate synthase","pyochelin biosynthetic process"
"PA4231","pchA","salicylate biosynthesis isochorismate synthase","salicylic acid biosynthetic process"
"PA4231","pchA","salicylate biosynthesis isochorismate synthase","isochorismate synthase activity"
"PA4329","pykA","pyruvate kinase II","obsolete gamma-glutamyltransferase activity"
"PA4329","pykA","pyruvate kinase II","pyruvate metabolic process"
"PA4329","pykA","pyruvate kinase II","generation of precursor metabolites and energy"
"PA4329","pykA","pyruvate kinase II","carbon utilization"
"PA4329","pykA","pyruvate kinase II","pyruvate kinase activity"
"PA4329","pykA","pyruvate kinase II","glycolytic process"
"PA4329","pykA","pyruvate kinase II","purine nucleotide metabolic process"
"PA4329","pykA","pyruvate kinase II","catalytic activity"
"PA4329","pykA","pyruvate kinase II","potassium ion binding"
"PA4329","pykA","pyruvate kinase II","magnesium ion binding"
"PA4329","pykA","pyruvate kinase II","gluconeogenesis"
"PA4329","pykA","pyruvate kinase II","cellular catabolic process"
"PA4329","pykA","pyruvate kinase II","pyruvate biosynthetic process"
"PA4329","pykA","pyruvate kinase II","carbon fixation"
"PA4378","warB","WarB","response to stimulus"
"PA4397","panE","ketopantoate reductase","oxidoreductase activity"
"PA4397","panE","ketopantoate reductase","2-dehydropantoate 2-reductase activity"
"PA4397","panE","ketopantoate reductase","nucleotide metabolic process"
"PA4397","panE","ketopantoate reductase","pantothenate biosynthetic process"
"PA4427","sspB","stringent starvation protein B","response to stimulus"
"PA4464","ptsN","nitrogen regulatory IIA protein","protein-N(PI)-phosphohistidine-sugar phosphotransferase activity"
"PA4464","ptsN","nitrogen regulatory IIA protein","transport"
"PA4464","ptsN","nitrogen regulatory IIA protein","phosphoenolpyruvate-dependent sugar phosphotransferase system"
"PA4478","PA4478","conserved hypothetical protein","nucleoside triphosphate diphosphatase activity"
"PA4478","PA4478","conserved hypothetical protein","nucleoside-triphosphate diphosphatase activity"
"PA4489","magD","MagD","endopeptidase inhibitor activity"
"PA4489","magD","MagD","endopeptidase inhibitor activity"
"PA4498","mdpA","metallo-dipeptidase aeruginosa, MdpA","dipeptidase activity"
"PA4498","mdpA","metallo-dipeptidase aeruginosa, MdpA","dipeptide transport"
"PA4505","dppD","dipeptide ABC transporter ATP-binding protein DppD","dipeptide transport"
"PA4505","dppD","dipeptide ABC transporter ATP-binding protein DppD","peptide binding"
"PA4505","dppD","dipeptide ABC transporter ATP-binding protein DppD","ATPase activity"
"PA4505","dppD","dipeptide ABC transporter ATP-binding protein DppD","nucleotide binding"
"PA4505","dppD","dipeptide ABC transporter ATP-binding protein DppD","dipeptide transmembrane transporter activity"
"PA4505","dppD","dipeptide ABC transporter ATP-binding protein DppD","peptide transport"
"PA4505","dppD","dipeptide ABC transporter ATP-binding protein DppD","ATP binding"
"PA4505","dppD","dipeptide ABC transporter ATP-binding protein DppD","ATP hydrolysis activity"
"PA4587","ccpR","cytochrome c551 peroxidase precursor","electron transfer activity"
"PA4587","ccpR","cytochrome c551 peroxidase precursor","oxidoreductase activity"
"PA4587","ccpR","cytochrome c551 peroxidase precursor","heme binding"
"PA4587","ccpR","cytochrome c551 peroxidase precursor","cytochrome-c peroxidase activity"
"PA4626","hprA","glycerate dehydrogenase","hydroxypyruvate reductase activity"
"PA4626","hprA","glycerate dehydrogenase","oxidoreductase activity, acting on the CH-OH group of donors, NAD or NADP as acceptor"
"PA4626","hprA","glycerate dehydrogenase","metabolic process"
"PA4626","hprA","glycerate dehydrogenase","NAD binding"
"PA4671","PA4671","probable ribosomal protein L25","ribosome"
"PA4671","PA4671","probable ribosomal protein L25","structural constituent of ribosome"
"PA4671","PA4671","probable ribosomal protein L25","5S rRNA binding"
"PA4671","PA4671","probable ribosomal protein L25","translation"
"PA4677","PA4677","hypothetical protein","cysteine-type exopeptidase activity"
"PA4677","PA4677","hypothetical protein","dipeptidase activity"
"PA4677","PA4677","hypothetical protein","proteolysis"
"PA4715","PA4715","probable aminotransferase","pyridoxal phosphate binding"
"PA4715","PA4715","probable aminotransferase","biosynthetic process"
"PA4814","fadH2","2,4-dienoyl-CoA reductase FadH2","2,4-dienoyl-CoA reductase (NADPH) activity"
"PA4814","fadH2","2,4-dienoyl-CoA reductase FadH2","oxidoreductase activity"
"PA4814","fadH2","2,4-dienoyl-CoA reductase FadH2","FMN binding"
"PA4837","cntO","CntO","cell outer membrane"
"PA4837","cntO","CntO","signaling receptor activity"
"PA4837","cntO","CntO","siderophore transport"
"PA4837","cntO","CntO","siderophore-iron transmembrane transporter activity"
"PA4837","cntO","CntO","siderophore transmembrane transporter activity"
"PA4840","PA4840","conserved hypothetical protein","translational initiation"
"PA4840","PA4840","conserved hypothetical protein","translation initiation factor activity"
"PA4946","mutL","DNA mismatch repair protein MutL","mismatch repair complex"
"PA4946","mutL","DNA mismatch repair protein MutL","DNA binding"
"PA4946","mutL","DNA mismatch repair protein MutL","mismatched DNA binding"
"PA4946","mutL","DNA mismatch repair protein MutL","ATP-dependent DNA damage sensor activity"
"PA4946","mutL","DNA mismatch repair protein MutL","regulation of DNA recombination"
"PA4946","mutL","DNA mismatch repair protein MutL","ATPase activity"
"PA4946","mutL","DNA mismatch repair protein MutL","mismatch repair"
"PA4946","mutL","DNA mismatch repair protein MutL","ATP binding"
"PA4946","mutL","DNA mismatch repair protein MutL","ATP hydrolysis activity"
"PA5014","glnE","glutamate-ammonia-ligase adenylyltransferase","[glutamate-ammonia-ligase] adenylyltransferase activity"
"PA5014","glnE","glutamate-ammonia-ligase adenylyltransferase","protein adenylylation"
"PA5014","glnE","glutamate-ammonia-ligase adenylyltransferase","nucleotidyltransferase activity"
"PA5021","PA5021","probable sodium/hydrogen antiporter","proton transmembrane transport"
"PA5021","PA5021","probable sodium/hydrogen antiporter","cation transmembrane transporter activity"
"PA5021","PA5021","probable sodium/hydrogen antiporter","cation transport"
"PA5021","PA5021","probable sodium/hydrogen antiporter","potassium ion transport"
"PA5021","PA5021","probable sodium/hydrogen antiporter","monoatomic cation transmembrane transporter activity"
"PA5021","PA5021","probable sodium/hydrogen antiporter","monoatomic cation transport"
"PA5021","PA5021","probable sodium/hydrogen antiporter","flavin adenine dinucleotide binding"
"PA5021","PA5021","probable sodium/hydrogen antiporter","transmembrane transport"
"PA5021","PA5021","probable sodium/hydrogen antiporter","membrane"
"PA5021","PA5021","probable sodium/hydrogen antiporter","antiporter activity"
"PA5043","pilN","type 4 fimbrial biogenesis protein PilN","type IV pilus assembly"
"PA5043","pilN","type 4 fimbrial biogenesis protein PilN","type IV pilus-dependent motility"
"PA5043","pilN","type 4 fimbrial biogenesis protein PilN","type IV pilus-dependent motility"
"PA5043","pilN","type 4 fimbrial biogenesis protein PilN","type IV pilus assembly"
"PA5043","pilN","type 4 fimbrial biogenesis protein PilN","type IV pilus assembly"
"PA5043","pilN","type 4 fimbrial biogenesis protein PilN","type IV pilus biogenesis"
"PA5043","pilN","type 4 fimbrial biogenesis protein PilN","type IV pilus biogenesis"
"PA5043","pilN","type 4 fimbrial biogenesis protein PilN","type IV pilus"
"PA5043","pilN","type 4 fimbrial biogenesis protein PilN","type IV pilus-dependent motility"
"PA5043","pilN","type 4 fimbrial biogenesis protein PilN","type IV pilus biogenesis"
"PA5097","PA5097","probable amino acid permease","transmembrane transport"
"PA5097","PA5097","probable amino acid permease","membrane"
"PA5098","hutH","histidine ammonia-lyase","cytoplasm"
"PA5098","hutH","histidine ammonia-lyase","catalytic activity"
"PA5098","hutH","histidine ammonia-lyase","cellular amino acid metabolic process"
"PA5098","hutH","histidine ammonia-lyase","amino acid metabolic process"
"PA5098","hutH","histidine ammonia-lyase","histidine ammonia-lyase activity"
"PA5098","hutH","histidine ammonia-lyase","histidine catabolic process"
"PA5098","hutH","histidine ammonia-lyase","aconitate hydratase activity"
"PA5100","hutU","urocanase","amino acid metabolic process"
"PA5100","hutU","urocanase","urocanate hydratase activity"
"PA5100","hutU","urocanase","cellular amino acid metabolic process"
"PA5100","hutU","urocanase","histidine catabolic process"
"PA5105","hutC","histidine utilization repressor HutC","histidine metabolic process"
"PA5105","hutC","histidine utilization repressor HutC","DNA binding"
"PA5105","hutC","histidine utilization repressor HutC","DNA-binding transcription factor activity"
"PA5105","hutC","histidine utilization repressor HutC","regulation of DNA-templated transcription"
"PA5105","hutC","histidine utilization repressor HutC","regulation of transcription, DNA-templated"
"PA5105","hutC","histidine utilization repressor HutC","negative regulation of DNA-templated transcription"
"PA5105","hutC","histidine utilization repressor HutC","negative regulation of transcription, DNA-templated"
"PA5140","hisF1","imidazoleglycerol-phosphate synthase, cyclase subunit","imidazoleglycerol-phosphate synthase activity"
"PA5140","hisF1","imidazoleglycerol-phosphate synthase, cyclase subunit","histidine biosynthetic process"
"PA5140","hisF1","imidazoleglycerol-phosphate synthase, cyclase subunit","imidazoleglycerol-phosphate synthase complex"
"PA5152","PA5152","probable ATP-binding component of ABC transporter","amino acid transmembrane transport"
"PA5152","PA5152","probable ATP-binding component of ABC transporter","ATPase-coupled amino acid transmembrane transporter activity"
"PA5152","PA5152","probable ATP-binding component of ABC transporter","ATP binding"
"PA5152","PA5152","probable ATP-binding component of ABC transporter","ATPase activity"
"PA5152","PA5152","probable ATP-binding component of ABC transporter","ATP hydrolysis activity"
"PA5152","PA5152","probable ATP-binding component of ABC transporter","ABC-type amino acid transporter activity"
"PA5216","PA5216","probable permease of ABC iron transporter","transmembrane transport"
"PA5216","PA5216","probable permease of ABC iron transporter","membrane"
"PA5253","algP","alginate regulatory protein AlgP","regulation of DNA-templated transcription"
"PA5253","algP","alginate regulatory protein AlgP","alginic acid biosynthetic process"
"PA5253","algP","alginate regulatory protein AlgP","regulation of transcription, DNA-templated"
"PA5253","algP","alginate regulatory protein AlgP","regulation of single-species biofilm formation"
"PA5266","vgrG6","VgrG6","protein secretion by the type VI secretion system"
"PA5266","vgrG6","VgrG6","type VI protein secretion system complex"
"PA5361","phoR","two-component sensor PhoR","regulation of single-species biofilm formation on inanimate substrate"
"PA5361","phoR","two-component sensor PhoR","transferase activity, transferring phosphorus-containing groups"
"PA5361","phoR","two-component sensor PhoR","protein histidine kinase activity"
"PA5361","phoR","two-component sensor PhoR","membrane"
"PA5361","phoR","two-component sensor PhoR","phosphorelay sensor kinase activity"
"PA5361","phoR","two-component sensor PhoR","phosphorelay signal transduction system"
"PA5361","phoR","two-component sensor PhoR","signal transduction"
"PA5361","phoR","two-component sensor PhoR","phosphorylation"
"PA5361","phoR","two-component sensor PhoR","regulation of DNA-templated transcription"
"PA5361","phoR","two-component sensor PhoR","phosphoprotein phosphatase activity"
"PA5361","phoR","two-component sensor PhoR","regulation of transcription, DNA-templated"
"PA5373","betB","betaine aldehyde dehydrogenase","metal ion binding"
"PA5373","betB","betaine aldehyde dehydrogenase","cellular amino acid metabolic process"
"PA5373","betB","betaine aldehyde dehydrogenase","glycine betaine biosynthetic process from choline"
"PA5373","betB","betaine aldehyde dehydrogenase","response to stimulus"
"PA5373","betB","betaine aldehyde dehydrogenase","betaine-aldehyde dehydrogenase activity"
"PA5373","betB","betaine aldehyde dehydrogenase","amino acid metabolic process"
"PA5373","betB","betaine aldehyde dehydrogenase","oxidoreductase activity, acting on the aldehyde or oxo group of donors, NAD or NADP as acceptor"
"PA5373","betB","betaine aldehyde dehydrogenase","oxidoreductase activity"
"PA5390","PA5390","probable peptidic bond hydrolase","hydrolase activity"
"PA5390","PA5390","probable peptidic bond hydrolase","deacetylase activity"
"PA5390","PA5390","probable peptidic bond hydrolase","arginine biosynthetic process"
"PA5410","gbcA","GbcA","glycine betaine catabolic process"
"PA5410","gbcA","GbcA","2 iron, 2 sulfur cluster binding"
"PA5410","gbcA","GbcA","iron ion binding"
"PA5410","gbcA","GbcA","cellular metabolic process"
"PA5425","purK","phosphoribosylaminoimidazole carboxylase","ATP binding"
"PA5425","purK","phosphoribosylaminoimidazole carboxylase","nucleotide metabolic process"
"PA5425","purK","phosphoribosylaminoimidazole carboxylase","phosphoribosylaminoimidazole carboxylase activity"
"PA5425","purK","phosphoribosylaminoimidazole carboxylase","'de novo' IMP biosynthetic process"
"PA5425","purK","phosphoribosylaminoimidazole carboxylase","dihydropyrimidinase activity"
"PA5425","purK","phosphoribosylaminoimidazole carboxylase","purine nucleotide metabolic process"
"PA5445","PA5445","probable coenzyme A transferase","CoA-transferase activity"
"PA5445","PA5445","probable coenzyme A transferase","acetate CoA-transferase activity"
"PA5445","PA5445","probable coenzyme A transferase","acetate metabolic process"
"PA5445","PA5445","probable coenzyme A transferase","transferase activity"
"PA5445","PA5445","probable coenzyme A transferase","acetyl-CoA metabolic process"
"PA5466","PA5466","hypothetical protein","membrane"
"PA5466","PA5466","hypothetical protein","transmembrane transport"
"PA5495","thrB","homoserine kinase","homoserine kinase activity"
"PA5495","thrB","homoserine kinase","threonine biosynthetic process"
"PA5503","PA5503","probable ATP-binding component of ABC transporter","ATP binding"
"PA5503","PA5503","probable ATP-binding component of ABC transporter","ATPase activity"
"PA5503","PA5503","probable ATP-binding component of ABC transporter","ATP hydrolysis activity"
"PA5530","PA5530","C5-dicarboxylate transporter","membrane"
"PA5530","PA5530","C5-dicarboxylate transporter","transmembrane transporter activity"
"PA5530","PA5530","C5-dicarboxylate transporter","transmembrane transport"
"PA5530","PA5530","C5-dicarboxylate transporter","dicarboxylic acid transport"
"PA5538","amiA","N-acetylmuramoyl-L-alanine amidase","Gram-negative-bacterium-type cell wall"
"PA5538","amiA","N-acetylmuramoyl-L-alanine amidase","peptidoglycan catabolic process"
"PA5538","amiA","N-acetylmuramoyl-L-alanine amidase","N-acetylmuramoyl-L-alanine amidase activity"
